Number,Area,Council,County,MapIt ID,MapIt Download,INSPIRE Download
1,EW,Adur District Council,West Sussex,2464,https://mapit.mysociety.org/area/2464.geojson,https://use-land-property-data.service.gov.uk/datasets/inspire/download/Adur_District_Council.zip
2,EW,Amber Valley Borough Council,Derbyshire,2281,https://mapit.mysociety.org/area/2281.geojson,https://use-land-property-data.service.gov.uk/datasets/inspire/download/Amber_Valley_Borough_Council.zip
3,EW,Arun District Council,West Sussex,2463,https://mapit.mysociety.org/area/2463.geojson,https://use-land-property-data.service.gov.uk/datasets/inspire/download/Arun_District_Council.zip
4,EW,Ashfield District Council,Nottinghamshire,2413,https://mapit.mysociety.org/area/2413.geojson,https://use-land-property-data.service.gov.uk/datasets/inspire/download/Ashfield_District_Council.zip
5,EW,Ashford Borough Council,Kent,2353,https://mapit.mysociety.org/area/2353.geojson,https://use-land-property-data.service.gov.uk/datasets/inspire/download/Ashford_Borough_Council.zip
6,EW,Babergh District Council,Suffolk,2441,https://mapit.mysociety.org/area/2441.geojson,https://use-land-property-data.service.gov.uk/datasets/inspire/download/Babergh_District_Council.zip
7,EW,Barnsley Metropolitan Borough Council,South Yorkshire,2513,https://mapit.mysociety.org/area/2513.geojson,https://use-land-property-data.service.gov.uk/datasets/inspire/download/Barnsley_Metropolitan_Borough_Council.zip
8,EW,Basildon Borough Council,Essex,2319,https://mapit.mysociety.org/area/2319.geojson,https://use-land-property-data.service.gov.uk/datasets/inspire/download/Basildon_Borough_Council.zip
9,EW,Basingstoke and Deane Borough Council,Hampshire,2327,https://mapit.mysociety.org/area/2327.geojson,https://use-land-property-data.service.gov.uk/datasets/inspire/download/Basingstoke_and_Deane_Borough_Council.zip
10,EW,Bassetlaw District Council,Nottinghamshire,2410,https://mapit.mysociety.org/area/2410.geojson,https://use-land-property-data.service.gov.uk/datasets/inspire/download/Bassetlaw_District_Council.zip
11,EW,Bath and North East Somerset Council,Somerset,2551,https://mapit.mysociety.org/area/2551.geojson,https://use-land-property-data.service.gov.uk/datasets/inspire/download/Bath_and_North_East_Somerset_Council.zip
12,EW,Bedford Borough Council,Bedfordshire,2253,https://mapit.mysociety.org/area/2253.geojson,https://use-land-property-data.service.gov.uk/datasets/inspire/download/Bedford_Borough_Council.zip
13,EW,Birmingham City Council,West Midlands,2514,https://mapit.mysociety.org/area/2514.geojson,https://use-land-property-data.service.gov.uk/datasets/inspire/download/Birmingham_City_Council.zip
14,EW,Blaby District Council,Leicestershire,2376,https://mapit.mysociety.org/area/2376.geojson,https://use-land-property-data.service.gov.uk/datasets/inspire/download/Blaby_District_Council.zip
15,EW,Blackburn with Darwen Borough Council,Lancashire,2552,https://mapit.mysociety.org/area/2552.geojson,https://use-land-property-data.service.gov.uk/datasets/inspire/download/Blackburn_with_Darwen_Borough_Council.zip
16,EW,Blackpool Borough Council,Lancashire,2553,https://mapit.mysociety.org/area/2553.geojson,https://use-land-property-data.service.gov.uk/datasets/inspire/download/Blackpool_Borough_Council.zip
17,EW,Blaenau Gwent County Borough Council,Wales,2554,https://mapit.mysociety.org/area/2554.geojson,https://use-land-property-data.service.gov.uk/datasets/inspire/download/Blaenau_Gwent_County_Borough_Council.zip
18,EW,Bolsover District Council,Derbyshire,2282,https://mapit.mysociety.org/area/2282.geojson,https://use-land-property-data.service.gov.uk/datasets/inspire/download/Bolsover_District_Council.zip
19,EW,Bolton Metropolitan Borough Council,Greater Manchester,2515,https://mapit.mysociety.org/area/2515.geojson,https://use-land-property-data.service.gov.uk/datasets/inspire/download/Bolton_Metropolitan_Borough_Council.zip
20,EW,Borough Council of Kings Lynn and West Norfolk,Norfolk,2389,https://mapit.mysociety.org/area/2389.geojson,https://use-land-property-data.service.gov.uk/datasets/inspire/download/Borough_Council_of_Kings_Lynn_and_West_Norfolk.zip
21,EW,Boston Borough Council,Lincolnshire,2382,https://mapit.mysociety.org/area/2382.geojson,https://use-land-property-data.service.gov.uk/datasets/inspire/download/Boston_Borough_Council.zip
22,EW,Bournemouth Christchurch and Poole Council,Dorset,152188,https://mapit.mysociety.org/area/152188.geojson,https://use-land-property-data.service.gov.uk/datasets/inspire/download/Bournemouth_Christchurch_and_Poole_Council.zip
23,EW,Bracknell Forest Council,Berkshire,2556,https://mapit.mysociety.org/area/2556.geojson,https://use-land-property-data.service.gov.uk/datasets/inspire/download/Bracknell_Forest_Council.zip
24,EW,Braintree District Council,Essex,2317,https://mapit.mysociety.org/area/2317.geojson,https://use-land-property-data.service.gov.uk/datasets/inspire/download/Braintree_District_Council.zip
25,EW,Breckland District Council,Norfolk,2390,https://mapit.mysociety.org/area/2390.geojson,https://use-land-property-data.service.gov.uk/datasets/inspire/download/Breckland_District_Council.zip
26,EW,Brentwood Borough Council,Essex,2309,https://mapit.mysociety.org/area/2309.geojson,https://use-land-property-data.service.gov.uk/datasets/inspire/download/Brentwood_Borough_Council.zip
27,EW,Bridgend County Borough Council,Wales,2592,https://mapit.mysociety.org/area/2592.geojson,https://use-land-property-data.service.gov.uk/datasets/inspire/download/Bridgend_County_Borough_Council.zip
28,EW,Brighton and Hove City Council,East Sussex,2614,https://mapit.mysociety.org/area/2614.geojson,https://use-land-property-data.service.gov.uk/datasets/inspire/download/Brighton_and_Hove_City_Council.zip
29,EW,Bristol City Council,Bristol,2561,https://mapit.mysociety.org/area/2561.geojson,https://use-land-property-data.service.gov.uk/datasets/inspire/download/Bristol_City_Council.zip
30,EW,Broadland District Council,Norfolk,2626,https://mapit.mysociety.org/area/2626.geojson,https://use-land-property-data.service.gov.uk/datasets/inspire/download/Broadland_District_Council.zip
31,EW,Bromsgrove District Council,Worcestershire,2477,https://mapit.mysociety.org/area/2477.geojson,https://use-land-property-data.service.gov.uk/datasets/inspire/download/Bromsgrove_District_Council.zip
32,EW,Broxbourne Borough Council,Hertfordshire,2340,https://mapit.mysociety.org/area/2340.geojson,https://use-land-property-data.service.gov.uk/datasets/inspire/download/Broxbourne_Borough_Council.zip
33,EW,Broxtowe Borough Council,Nottinghamshire,2415,https://mapit.mysociety.org/area/2415.geojson,https://use-land-property-data.service.gov.uk/datasets/inspire/download/Broxtowe_Borough_Council.zip
34,EW,Buckinghamshire Council,Buckinghamshire ,163793,https://mapit.mysociety.org/area/163793.geojson,https://use-land-property-data.service.gov.uk/datasets/inspire/download/Buckinghamshire_Council.zip
35,EW,Burnley Borough Council,Lancashire,2371,https://mapit.mysociety.org/area/2371.geojson,https://use-land-property-data.service.gov.uk/datasets/inspire/download/Burnley_Borough_Council.zip
36,EW,Bury Metropolitan Borough Council,Greater Manchester,2517,https://mapit.mysociety.org/area/2517.geojson,https://use-land-property-data.service.gov.uk/datasets/inspire/download/Bury_Metropolitan_Borough_Council.zip
37,EW,Caerphilly County Borough Council,Wales,2558,https://mapit.mysociety.org/area/2558.geojson,https://use-land-property-data.service.gov.uk/datasets/inspire/download/Caerphilly_County_Borough_Council.zip
38,EW,Calderdale Metropolitan Borough Council,West Yorkshire,2518,https://mapit.mysociety.org/area/2518.geojson,https://use-land-property-data.service.gov.uk/datasets/inspire/download/Calderdale_Metropolitan_Borough_Council.zip
39,EW,Cambridge City Council,Cambridgeshire,2263,https://mapit.mysociety.org/area/2263.geojson,https://use-land-property-data.service.gov.uk/datasets/inspire/download/Cambridge_City_Council.zip
40,EW,Cannock Chase District Council,Staffordshire,2438,https://mapit.mysociety.org/area/2438.geojson,https://use-land-property-data.service.gov.uk/datasets/inspire/download/Cannock_Chase_District_Council.zip
41,EW,Canterbury City Council,Kent,2354,https://mapit.mysociety.org/area/2354.geojson,https://use-land-property-data.service.gov.uk/datasets/inspire/download/Canterbury_City_Council.zip
42,EW,Cardiff Council,Wales,2639,https://mapit.mysociety.org/area/2639.geojson,https://use-land-property-data.service.gov.uk/datasets/inspire/download/Cardiff_Council.zip
43,EW,Carmarthenshire County Council,Wales,2604,https://mapit.mysociety.org/area/2604.geojson,https://use-land-property-data.service.gov.uk/datasets/inspire/download/Carmarthenshire_County_Council.zip
44,EW,Castle Point Borough Council,Essex,2320,https://mapit.mysociety.org/area/2320.geojson,https://use-land-property-data.service.gov.uk/datasets/inspire/download/Castle_Point_Borough_Council.zip
45,EW,Central Bedfordshire Council,Bedfordshire,21070,https://mapit.mysociety.org/area/21070.geojson,https://use-land-property-data.service.gov.uk/datasets/inspire/download/Central_Bedfordshire_Council.zip
46,EW,Ceredigion County Council,Wales,2640,https://mapit.mysociety.org/area/2640.geojson,https://use-land-property-data.service.gov.uk/datasets/inspire/download/Ceredigion_County_Council.zip
47,EW,Charnwood Borough Council,Leicestershire,2377,https://mapit.mysociety.org/area/2377.geojson,https://use-land-property-data.service.gov.uk/datasets/inspire/download/Charnwood_Borough_Council.zip
48,EW,Chelmsford City Council,Essex,2314,https://mapit.mysociety.org/area/2314.geojson,https://use-land-property-data.service.gov.uk/datasets/inspire/download/Chelmsford_City_Council.zip
49,EW,Cheltenham Borough Council,Gloucestershire,2326,https://mapit.mysociety.org/area/2326.geojson,https://use-land-property-data.service.gov.uk/datasets/inspire/download/Cheltenham_Borough_Council.zip
50,EW,Cherwell District Council,Oxfordshire,2419,https://mapit.mysociety.org/area/2419.geojson,https://use-land-property-data.service.gov.uk/datasets/inspire/download/Cherwell_District_Council.zip
51,EW,Cheshire East Council,Cheshire,21069,https://mapit.mysociety.org/area/21069.geojson,https://use-land-property-data.service.gov.uk/datasets/inspire/download/Cheshire_East_Council.zip
52,EW,Cheshire West and Chester Council,Cheshire,21068,https://mapit.mysociety.org/area/21068.geojson,https://use-land-property-data.service.gov.uk/datasets/inspire/download/Cheshire_West_and_Chester_Council.zip
53,EW,Chesterfield Borough Council,Derbyshire,2284,https://mapit.mysociety.org/area/2284.geojson,https://use-land-property-data.service.gov.uk/datasets/inspire/download/Chesterfield_Borough_Council.zip
54,EW,Chichester District Council,West Sussex,2465,https://mapit.mysociety.org/area/2465.geojson,https://use-land-property-data.service.gov.uk/datasets/inspire/download/Chichester_District_Council.zip
55,EW,Chorley Borough Council,Lancashire,2362,https://mapit.mysociety.org/area/2362.geojson,https://use-land-property-data.service.gov.uk/datasets/inspire/download/Chorley_Borough_Council.zip
56,EW,City of Bradford Metropolitan District Council,West Yorkshire,2516,https://mapit.mysociety.org/area/2516.geojson,https://use-land-property-data.service.gov.uk/datasets/inspire/download/City_of_Bradford_Metropolitan_District_Council.zip
57,EW,City of Lincoln Council,Lincolnshire,2385,https://mapit.mysociety.org/area/2385.geojson,https://use-land-property-data.service.gov.uk/datasets/inspire/download/City_of_Lincoln_Council.zip
58,EW,City of London Corporation,London,2512,https://mapit.mysociety.org/area/2512.geojson,https://use-land-property-data.service.gov.uk/datasets/inspire/download/City_of_London_Corporation.zip
59,EW,City of Westminster,London,2504,https://mapit.mysociety.org/area/2504.geojson,https://use-land-property-data.service.gov.uk/datasets/inspire/download/City_of_Westminster.zip
60,EW,City of Wolverhampton Council,West Midlands,2519,https://mapit.mysociety.org/area/2519.geojson,https://use-land-property-data.service.gov.uk/datasets/inspire/download/City_of_Wolverhampton_Council.zip
61,EW,City of York Council,North Yorkshire,2625,https://mapit.mysociety.org/area/2625.geojson,https://use-land-property-data.service.gov.uk/datasets/inspire/download/City_of_York_Council.zip
62,EW,Colchester Borough Council,Essex,2315,https://mapit.mysociety.org/area/2315.geojson,https://use-land-property-data.service.gov.uk/datasets/inspire/download/Colchester_Borough_Council.zip
63,EW,Conwy County Borough Council,Wales,2570,https://mapit.mysociety.org/area/2570.geojson,https://use-land-property-data.service.gov.uk/datasets/inspire/download/Conwy_County_Borough_Council.zip
64,EW,Cornwall Council,Cornwall,2250,https://mapit.mysociety.org/area/2250.geojson,https://use-land-property-data.service.gov.uk/datasets/inspire/download/Cornwall_Council.zip
65,EW,Cotswold District Council,Gloucestershire,2322,https://mapit.mysociety.org/area/2322.geojson,https://use-land-property-data.service.gov.uk/datasets/inspire/download/Cotswold_District_Council.zip
66,EW,Council of the Isles of Scilly,Cornwall,2251,https://mapit.mysociety.org/area/2251.geojson,https://use-land-property-data.service.gov.uk/datasets/inspire/download/Council_of_the_Isles_of_Scilly.zip
67,EW,Coventry City Council,West Midlands,2520,https://mapit.mysociety.org/area/2520.geojson,https://use-land-property-data.service.gov.uk/datasets/inspire/download/Coventry_City_Council.zip
68,EW,Crawley Borough Council,West Sussex,2469,https://mapit.mysociety.org/area/2469.geojson,https://use-land-property-data.service.gov.uk/datasets/inspire/download/Crawley_Borough_Council.zip
69,EW,Cumberland Council,Cumbria,166593,https://mapit.mysociety.org/area/166593.geojson,https://use-land-property-data.service.gov.uk/datasets/inspire/download/Cumberland_Council.zip
70,EW,Dacorum Borough Council,Hertfordshire,2341,https://mapit.mysociety.org/area/2341.geojson,https://use-land-property-data.service.gov.uk/datasets/inspire/download/Dacorum_Borough_Council.zip
71,EW,Darlington Borough Council,County Durham,2572,https://mapit.mysociety.org/area/2572.geojson,https://use-land-property-data.service.gov.uk/datasets/inspire/download/Darlington_Borough_Council.zip
72,EW,Dartford Borough Council,Kent,2358,https://mapit.mysociety.org/area/2358.geojson,https://use-land-property-data.service.gov.uk/datasets/inspire/download/Dartford_Borough_Council.zip
73,EW,Denbighshire County Council,Wales,2602,https://mapit.mysociety.org/area/2602.geojson,https://use-land-property-data.service.gov.uk/datasets/inspire/download/Denbighshire_County_Council.zip
74,EW,Derby City Council,Derbyshire,2562,https://mapit.mysociety.org/area/2562.geojson,https://use-land-property-data.service.gov.uk/datasets/inspire/download/Derby_City_Council.zip
75,EW,Derbyshire Dales District Council,Derbyshire,2283,https://mapit.mysociety.org/area/2283.geojson,https://use-land-property-data.service.gov.uk/datasets/inspire/download/Derbyshire_Dales_District_Council.zip
76,EW,Doncaster Metropolitan Borough Council,South Yorkshire,2521,https://mapit.mysociety.org/area/2521.geojson,https://use-land-property-data.service.gov.uk/datasets/inspire/download/Doncaster_Metropolitan_Borough_Council.zip
77,EW,Dorset Council,Dorset,152225,https://mapit.mysociety.org/area/152225.geojson,https://use-land-property-data.service.gov.uk/datasets/inspire/download/Dorset_Council.zip
78,EW,Dover District Council,Kent,2355,https://mapit.mysociety.org/area/2355.geojson,https://use-land-property-data.service.gov.uk/datasets/inspire/download/Dover_District_Council.zip
79,EW,Dudley Metropolitan Borough Council,West Midlands,2522,https://mapit.mysociety.org/area/2522.geojson,https://use-land-property-data.service.gov.uk/datasets/inspire/download/Dudley_Metropolitan_Borough_Council.zip
80,EW,Durham County Council,County Durham,2223,https://mapit.mysociety.org/area/2223.geojson,https://use-land-property-data.service.gov.uk/datasets/inspire/download/Durham_County_Council.zip
81,EW,East Cambridgeshire District Council,Cambridgeshire,2261,https://mapit.mysociety.org/area/2261.geojson,https://use-land-property-data.service.gov.uk/datasets/inspire/download/East_Cambridgeshire_District_Council.zip
82,EW,East Devon District Council,Devon,2286,https://mapit.mysociety.org/area/2286.geojson,https://use-land-property-data.service.gov.uk/datasets/inspire/download/East_Devon_District_Council.zip
83,EW,East Hampshire District Council,Hampshire,2330,https://mapit.mysociety.org/area/2330.geojson,https://use-land-property-data.service.gov.uk/datasets/inspire/download/East_Hampshire_District_Council.zip
84,EW,East Hertfordshire District Council,Hertfordshire,2342,https://mapit.mysociety.org/area/2342.geojson,https://use-land-property-data.service.gov.uk/datasets/inspire/download/East_Hertfordshire_District_Council.zip
85,EW,East Lindsey District Council,Lincolnshire,2384,https://mapit.mysociety.org/area/2384.geojson,https://use-land-property-data.service.gov.uk/datasets/inspire/download/East_Lindsey_District_Council.zip
86,EW,East Riding of Yorkshire Council,East Yorkshire,2577,https://mapit.mysociety.org/area/2577.geojson,https://use-land-property-data.service.gov.uk/datasets/inspire/download/East_Riding_of_Yorkshire_Council.zip
87,EW,East Staffordshire Borough Council,Staffordshire,2437,https://mapit.mysociety.org/area/2437.geojson,https://use-land-property-data.service.gov.uk/datasets/inspire/download/East_Staffordshire_Borough_Council.zip
88,EW,East Suffolk Council,Suffolk,152160,https://mapit.mysociety.org/area/152160.geojson,https://use-land-property-data.service.gov.uk/datasets/inspire/download/East_Suffolk_Council.zip
89,EW,Eastbourne Borough Council,East Sussex,2307,https://mapit.mysociety.org/area/2307.geojson,https://use-land-property-data.service.gov.uk/datasets/inspire/download/Eastbourne_Borough_Council.zip
90,EW,Eastleigh Borough Council,Hampshire,2329,https://mapit.mysociety.org/area/2329.geojson,https://use-land-property-data.service.gov.uk/datasets/inspire/download/Eastleigh_Borough_Council.zip
91,EW,Elmbridge Borough Council,Surrey,2455,https://mapit.mysociety.org/area/2455.geojson,https://use-land-property-data.service.gov.uk/datasets/inspire/download/Elmbridge_Borough_Council.zip
92,EW,Epping Forest District Council,Essex,2311,https://mapit.mysociety.org/area/2311.geojson,https://use-land-property-data.service.gov.uk/datasets/inspire/download/Epping_Forest_District_Council.zip
93,EW,Epsom and Ewell Borough Council,Surrey,2457,https://mapit.mysociety.org/area/2457.geojson,https://use-land-property-data.service.gov.uk/datasets/inspire/download/Epsom_and_Ewell_Borough_Council.zip
94,EW,Erewash Borough Council,Derbyshire,2279,https://mapit.mysociety.org/area/2279.geojson,https://use-land-property-data.service.gov.uk/datasets/inspire/download/Erewash_Borough_Council.zip
95,EW,Exeter City Council,Devon,2290,https://mapit.mysociety.org/area/2290.geojson,https://use-land-property-data.service.gov.uk/datasets/inspire/download/Exeter_City_Council.zip
96,EW,Fareham Borough Council,Hampshire,2335,https://mapit.mysociety.org/area/2335.geojson,https://use-land-property-data.service.gov.uk/datasets/inspire/download/Fareham_Borough_Council.zip
97,EW,Fenland District Council,Cambridgeshire,2259,https://mapit.mysociety.org/area/2259.geojson,https://use-land-property-data.service.gov.uk/datasets/inspire/download/Fenland_District_Council.zip
98,EW,Flintshire County Council,Wales,2605,https://mapit.mysociety.org/area/2605.geojson,https://use-land-property-data.service.gov.uk/datasets/inspire/download/Flintshire_County_Council.zip
99,EW,Folkestone and Hythe District Council,Kent,2349,https://mapit.mysociety.org/area/2349.geojson,https://use-land-property-data.service.gov.uk/datasets/inspire/download/Folkestone_and_Hythe_District_Council.zip
100,EW,Forest of Dean District Council,Gloucestershire,2321,https://mapit.mysociety.org/area/2321.geojson,https://use-land-property-data.service.gov.uk/datasets/inspire/download/Forest_of_Dean_District_Council.zip
101,EW,Fylde Borough Council,Lancashire,2365,https://mapit.mysociety.org/area/2365.geojson,https://use-land-property-data.service.gov.uk/datasets/inspire/download/Fylde_Borough_Council.zip
102,EW,Gateshead Metropolitan Borough Council,Tyne and Wear,2523,https://mapit.mysociety.org/area/2523.geojson,https://use-land-property-data.service.gov.uk/datasets/inspire/download/Gateshead_Metropolitan_Borough_Council.zip
103,EW,Gedling Borough Council,Nottinghamshire,2412,https://mapit.mysociety.org/area/2412.geojson,https://use-land-property-data.service.gov.uk/datasets/inspire/download/Gedling_Borough_Council.zip
104,EW,Gloucester City Council,Gloucester,2325,https://mapit.mysociety.org/area/2325.geojson,https://use-land-property-data.service.gov.uk/datasets/inspire/download/Gloucester_City_Council.zip
105,EW,Gosport Borough Council,Hampshire,2334,https://mapit.mysociety.org/area/2334.geojson,https://use-land-property-data.service.gov.uk/datasets/inspire/download/Gosport_Borough_Council.zip
106,EW,Gravesham Borough Council,Kent,2359,https://mapit.mysociety.org/area/2359.geojson,https://use-land-property-data.service.gov.uk/datasets/inspire/download/Gravesham_Borough_Council.zip
107,EW,Great Yarmouth Borough Council,Norfolk,2387,https://mapit.mysociety.org/area/2387.geojson,https://use-land-property-data.service.gov.uk/datasets/inspire/download/Great_Yarmouth_Borough_Council.zip
108,EW,Guildford Borough Council,Surrey,2452,https://mapit.mysociety.org/area/2452.geojson,https://use-land-property-data.service.gov.uk/datasets/inspire/download/Guildford_Borough_Council.zip
109,EW,Gwynedd Council,Wales,2638,https://mapit.mysociety.org/area/2638.geojson,https://use-land-property-data.service.gov.uk/datasets/inspire/download/Gwynedd_Council.zip
110,EW,Halton Borough Council,Cheshire,2580,https://mapit.mysociety.org/area/2580.geojson,https://use-land-property-data.service.gov.uk/datasets/inspire/download/Halton_Borough_Council.zip
111,EW,Harborough District Council,Leicestershire,2375,https://mapit.mysociety.org/area/2375.geojson,https://use-land-property-data.service.gov.uk/datasets/inspire/download/Harborough_District_Council.zip
112,EW,Harlow District Council,Essex,2318,https://mapit.mysociety.org/area/2318.geojson,https://use-land-property-data.service.gov.uk/datasets/inspire/download/Harlow_District_Council.zip
113,EW,Hart District Council,Hampshire,2333,https://mapit.mysociety.org/area/2333.geojson,https://use-land-property-data.service.gov.uk/datasets/inspire/download/Hart_District_Council.zip
114,EW,Hartlepool Borough Council,County Durham,2581,https://mapit.mysociety.org/area/2581.geojson,https://use-land-property-data.service.gov.uk/datasets/inspire/download/Hartlepool_Borough_Council.zip
115,EW,Hastings Borough Council,East Sussex,2308,https://mapit.mysociety.org/area/2308.geojson,https://use-land-property-data.service.gov.uk/datasets/inspire/download/Hastings_Borough_Council.zip
116,EW,Havant Borough Council,Hampshire,2336,https://mapit.mysociety.org/area/2336.geojson,https://use-land-property-data.service.gov.uk/datasets/inspire/download/Havant_Borough_Council.zip
117,EW,Herefordshire Council,Herefordshire ,2571,https://mapit.mysociety.org/area/2571.geojson,https://use-land-property-data.service.gov.uk/datasets/inspire/download/Herefordshire_Council.zip
118,EW,Hertsmere Borough Council,Hertfordshire,2339,https://mapit.mysociety.org/area/2339.geojson,https://use-land-property-data.service.gov.uk/datasets/inspire/download/Hertsmere_Borough_Council.zip
119,EW,High Peak Borough Council,Derbyshire,2277,https://mapit.mysociety.org/area/2277.geojson,https://use-land-property-data.service.gov.uk/datasets/inspire/download/High_Peak_Borough_Council.zip
120,EW,Hinckley and Bosworth Borough Council,Leicestershire,2372,https://mapit.mysociety.org/area/2372.geojson,https://use-land-property-data.service.gov.uk/datasets/inspire/download/Hinckley_and_Bosworth_Borough_Council.zip
121,EW,Horsham District Council,West Sussex,2467,https://mapit.mysociety.org/area/2467.geojson,https://use-land-property-data.service.gov.uk/datasets/inspire/download/Horsham_District_Council.zip
122,EW,Hull City Council,East Yorkshire,2563,https://mapit.mysociety.org/area/2563.geojson,https://use-land-property-data.service.gov.uk/datasets/inspire/download/Hull_City_Council.zip
123,EW,Huntingdonshire District Council,Cambridgeshire,2262,https://mapit.mysociety.org/area/2262.geojson,https://use-land-property-data.service.gov.uk/datasets/inspire/download/Huntingdonshire_District_Council.zip
124,EW,Hyndburn Borough Council,Lancashire,2370,https://mapit.mysociety.org/area/2370.geojson,https://use-land-property-data.service.gov.uk/datasets/inspire/download/Hyndburn_Borough_Council.zip
125,EW,Ipswich Borough Council,Suffolk,2446,https://mapit.mysociety.org/area/2446.geojson,https://use-land-property-data.service.gov.uk/datasets/inspire/download/Ipswich_Borough_Council.zip
126,EW,Isle of Anglesey County Council,Wales,2637,https://mapit.mysociety.org/area/2637.geojson,https://use-land-property-data.service.gov.uk/datasets/inspire/download/Isle_of_Anglesey_County_Council.zip
127,EW,Isle of Wight Council,Hampshire,2636,https://mapit.mysociety.org/area/2636.geojson,https://use-land-property-data.service.gov.uk/datasets/inspire/download/Isle_of_Wight_Council.zip
128,EW,Kirklees Council,West Yorkshire,2524,https://mapit.mysociety.org/area/2524.geojson,https://use-land-property-data.service.gov.uk/datasets/inspire/download/Kirklees_Council.zip
129,EW,Knowsley Metropolitan Borough Council,Merseyside,2525,https://mapit.mysociety.org/area/2525.geojson,https://use-land-property-data.service.gov.uk/datasets/inspire/download/Knowsley_Metropolitan_Borough_Council.zip
130,EW,Lancaster City Council,Lancashire,2361,https://mapit.mysociety.org/area/2361.geojson,https://use-land-property-data.service.gov.uk/datasets/inspire/download/Lancaster_City_Council.zip
131,EW,Leeds City Council,West Yorkshire,2526,https://mapit.mysociety.org/area/2526.geojson,https://use-land-property-data.service.gov.uk/datasets/inspire/download/Leeds_City_Council.zip
132,EW,Leicester City Council,Leicestershire,2564,https://mapit.mysociety.org/area/2564.geojson,https://use-land-property-data.service.gov.uk/datasets/inspire/download/Leicester_City_Council.zip
133,EW,Lewes District Council,Sussex,2304,https://mapit.mysociety.org/area/2304.geojson,https://use-land-property-data.service.gov.uk/datasets/inspire/download/Lewes_District_Council.zip
134,EW,Lichfield District Council,Staffordshire,2434,https://mapit.mysociety.org/area/2434.geojson,https://use-land-property-data.service.gov.uk/datasets/inspire/download/Lichfield_District_Council.zip
135,EW,Liverpool City Council,Merseyside,2527,https://mapit.mysociety.org/area/2527.geojson,https://use-land-property-data.service.gov.uk/datasets/inspire/download/Liverpool_City_Council.zip
136,EW,London Borough of Barking and Dagenham,London,2511,https://mapit.mysociety.org/area/2511.geojson,https://use-land-property-data.service.gov.uk/datasets/inspire/download/London_Borough_of_Barking_and_Dagenham.zip
137,EW,London Borough of Barnet,London,2489,https://mapit.mysociety.org/area/2489.geojson,https://use-land-property-data.service.gov.uk/datasets/inspire/download/London_Borough_of_Barnet.zip
138,EW,London Borough of Bexley,London,2494,https://mapit.mysociety.org/area/2494.geojson,https://use-land-property-data.service.gov.uk/datasets/inspire/download/London_Borough_of_Bexley.zip
139,EW,London Borough of Brent,London,2488,https://mapit.mysociety.org/area/2488.geojson,https://use-land-property-data.service.gov.uk/datasets/inspire/download/London_Borough_of_Brent.zip
140,EW,London Borough of Bromley,London,2482,https://mapit.mysociety.org/area/2482.geojson,https://use-land-property-data.service.gov.uk/datasets/inspire/download/London_Borough_of_Bromley.zip
141,EW,London Borough of Camden,London,2505,https://mapit.mysociety.org/area/2505.geojson,https://use-land-property-data.service.gov.uk/datasets/inspire/download/London_Borough_of_Camden.zip
142,EW,London Borough of Croydon,London,2481,https://mapit.mysociety.org/area/2481.geojson,https://use-land-property-data.service.gov.uk/datasets/inspire/download/London_Borough_of_Croydon.zip
143,EW,London Borough of Ealing,London,2484,https://mapit.mysociety.org/area/2484.geojson,https://use-land-property-data.service.gov.uk/datasets/inspire/download/London_Borough_of_Ealing.zip
144,EW,London Borough of Enfield,London,2495,https://mapit.mysociety.org/area/2495.geojson,https://use-land-property-data.service.gov.uk/datasets/inspire/download/London_Borough_of_Enfield.zip
145,EW,London Borough of Hackney,London,2508,https://mapit.mysociety.org/area/2508.geojson,https://use-land-property-data.service.gov.uk/datasets/inspire/download/London_Borough_of_Hackney.zip
146,EW,London Borough of Hammersmith and Fulham,London,2502,https://mapit.mysociety.org/area/2502.geojson,https://use-land-property-data.service.gov.uk/datasets/inspire/download/London_Borough_of_Hammersmith_and_Fulham.zip
147,EW,London Borough of Haringey,London,2509,https://mapit.mysociety.org/area/2509.geojson,https://use-land-property-data.service.gov.uk/datasets/inspire/download/London_Borough_of_Haringey.zip
148,EW,London Borough of Harrow,London,2487,https://mapit.mysociety.org/area/2487.geojson,https://use-land-property-data.service.gov.uk/datasets/inspire/download/London_Borough_of_Harrow.zip
149,EW,London Borough of Havering,London,2485,https://mapit.mysociety.org/area/2485.geojson,https://use-land-property-data.service.gov.uk/datasets/inspire/download/London_Borough_of_Havering.zip
150,EW,London Borough of Hillingdon,London,2486,https://mapit.mysociety.org/area/2486.geojson,https://use-land-property-data.service.gov.uk/datasets/inspire/download/London_Borough_of_Hillingdon.zip
151,EW,London Borough of Hounslow,London,2483,https://mapit.mysociety.org/area/2483.geojson,https://use-land-property-data.service.gov.uk/datasets/inspire/download/London_Borough_of_Hounslow.zip
152,EW,London Borough of Islington,London,2507,https://mapit.mysociety.org/area/2507.geojson,https://use-land-property-data.service.gov.uk/datasets/inspire/download/London_Borough_of_Islington.zip
153,EW,London Borough of Lambeth,London,2490,https://mapit.mysociety.org/area/2490.geojson,https://use-land-property-data.service.gov.uk/datasets/inspire/download/London_Borough_of_Lambeth.zip
154,EW,London Borough of Lewisham,London,2492,https://mapit.mysociety.org/area/2492.geojson,https://use-land-property-data.service.gov.uk/datasets/inspire/download/London_Borough_of_Lewisham.zip
155,EW,London Borough of Merton,London,2500,https://mapit.mysociety.org/area/2500.geojson,https://use-land-property-data.service.gov.uk/datasets/inspire/download/London_Borough_of_Merton.zip
156,EW,London Borough of Newham,London,2510,https://mapit.mysociety.org/area/2510.geojson,https://use-land-property-data.service.gov.uk/datasets/inspire/download/London_Borough_of_Newham.zip
157,EW,London Borough of Redbridge,London,2497,https://mapit.mysociety.org/area/2497.geojson,https://use-land-property-data.service.gov.uk/datasets/inspire/download/London_Borough_of_Redbridge.zip
158,EW,London Borough of Richmond upon Thames,London,2499,https://mapit.mysociety.org/area/2499.geojson,https://use-land-property-data.service.gov.uk/datasets/inspire/download/London_Borough_of_Richmond_upon_Thames.zip
159,EW,London Borough of Southwark,London,2491,https://mapit.mysociety.org/area/2491.geojson,https://use-land-property-data.service.gov.uk/datasets/inspire/download/London_Borough_of_Southwark.zip
160,EW,London Borough of Sutton,London,2498,https://mapit.mysociety.org/area/2498.geojson,https://use-land-property-data.service.gov.uk/datasets/inspire/download/London_Borough_of_Sutton.zip
161,EW,London Borough of Tower Hamlets,London,2506,https://mapit.mysociety.org/area/2506.geojson,https://use-land-property-data.service.gov.uk/datasets/inspire/download/London_Borough_of_Tower_Hamlets.zip
162,EW,London Borough of Waltham Forest,London,2496,https://mapit.mysociety.org/area/2496.geojson,https://use-land-property-data.service.gov.uk/datasets/inspire/download/London_Borough_of_Waltham_Forest.zip
163,EW,London Borough of Wandsworth,London,2501,https://mapit.mysociety.org/area/2501.geojson,https://use-land-property-data.service.gov.uk/datasets/inspire/download/London_Borough_of_Wandsworth.zip
164,EW,Luton Borough Council,Bedfordshire,2583,https://mapit.mysociety.org/area/2583.geojson,https://use-land-property-data.service.gov.uk/datasets/inspire/download/Luton_Borough_Council.zip
165,EW,Maidstone Borough Council,Kent,2356,https://mapit.mysociety.org/area/2356.geojson,https://use-land-property-data.service.gov.uk/datasets/inspire/download/Maidstone_Borough_Council.zip
166,EW,Maldon District Council,Essex,2316,https://mapit.mysociety.org/area/2316.geojson,https://use-land-property-data.service.gov.uk/datasets/inspire/download/Maldon_District_Council.zip
167,EW,Malvern Hills District Council,Worcestershire,2474,https://mapit.mysociety.org/area/2474.geojson,https://use-land-property-data.service.gov.uk/datasets/inspire/download/Malvern_Hills_District_Council.zip
168,EW,Manchester City Council,Greater Manchester,2528,https://mapit.mysociety.org/area/2528.geojson,https://use-land-property-data.service.gov.uk/datasets/inspire/download/Manchester_City_Council.zip
169,EW,Mansfield District Council,Nottinghamshire,2416,https://mapit.mysociety.org/area/2416.geojson,https://use-land-property-data.service.gov.uk/datasets/inspire/download/Mansfield_District_Council.zip
170,EW,Medway Council,Kent,2584,https://mapit.mysociety.org/area/2584.geojson,https://use-land-property-data.service.gov.uk/datasets/inspire/download/Medway_Council.zip
171,EW,Melton Borough Council,Leicestershire,2374,https://mapit.mysociety.org/area/2374.geojson,https://use-land-property-data.service.gov.uk/datasets/inspire/download/Melton_Borough_Council.zip
172,EW,Merthyr Tydfil County Borough Council,Wales,2585,https://mapit.mysociety.org/area/2585.geojson,https://use-land-property-data.service.gov.uk/datasets/inspire/download/Merthyr_Tydfil_County_Borough_Council.zip
173,EW,Mid Devon District Council,Devon,2289,https://mapit.mysociety.org/area/2289.geojson,https://use-land-property-data.service.gov.uk/datasets/inspire/download/Mid_Devon_District_Council.zip
174,EW,Mid Suffolk District Council,Suffolk,2445,https://mapit.mysociety.org/area/2445.geojson,https://use-land-property-data.service.gov.uk/datasets/inspire/download/Mid_Suffolk_District_Council.zip
175,EW,Mid Sussex District Council,Sussex,2466,https://mapit.mysociety.org/area/2466.geojson,https://use-land-property-data.service.gov.uk/datasets/inspire/download/Mid_Sussex_District_Council.zip
176,EW,Middlesbrough Borough Council,North Yorkshire,2586,https://mapit.mysociety.org/area/2586.geojson,https://use-land-property-data.service.gov.uk/datasets/inspire/download/Middlesbrough_Borough_Council.zip
177,EW,Milton Keynes Council,Buckinghamshire,2588,https://mapit.mysociety.org/area/2588.geojson,https://use-land-property-data.service.gov.uk/datasets/inspire/download/Milton_Keynes_Council.zip
178,EW,Mole Valley District Council,Surrey,2454,https://mapit.mysociety.org/area/2454.geojson,https://use-land-property-data.service.gov.uk/datasets/inspire/download/Mole_Valley_District_Council.zip
179,EW,Monmouthshire County Council,Wales,2603,https://mapit.mysociety.org/area/2603.geojson,https://use-land-property-data.service.gov.uk/datasets/inspire/download/Monmouthshire_County_Council.zip
180,EW,Neath Port Talbot County Borough Council,Wales,2560,https://mapit.mysociety.org/area/2560.geojson,https://use-land-property-data.service.gov.uk/datasets/inspire/download/Neath_Port_Talbot_County_Borough_Council.zip
181,EW,New Forest District Council,Hampshire,2328,https://mapit.mysociety.org/area/2328.geojson,https://use-land-property-data.service.gov.uk/datasets/inspire/download/New_Forest_District_Council.zip
182,EW,Newark and Sherwood District Council,Nottinghamshire,2414,https://mapit.mysociety.org/area/2414.geojson,https://use-land-property-data.service.gov.uk/datasets/inspire/download/Newark_and_Sherwood_District_Council.zipFALSE
183,EW,Newcastle-under-Lyme Borough Council,Staffordshire,2435,https://mapit.mysociety.org/area/2435.geojson,https://use-land-property-data.service.gov.uk/datasets/inspire/download/Newcastle-under-Lyme_Borough_Council.zipFALSE
184,EW,Newport City Council,Wales,2559,https://mapit.mysociety.org/area/2559.geojson,https://use-land-property-data.service.gov.uk/datasets/inspire/download/Newport_City_Council.zipFALSE
185,EW,Newcastle City Council,Tyne and Wear,2529,https://mapit.mysociety.org/area/2529.geojson,https://use-land-property-data.service.gov.uk/datasets/inspire/download/Newcastle_City_Council.zip
186,EW,North Devon District Council,Devon,2285,https://mapit.mysociety.org/area/2285.geojson,https://use-land-property-data.service.gov.uk/datasets/inspire/download/North_Devon_District_Council.zip
187,EW,North East Derbyshire District Council,Derbyshire,2280,https://mapit.mysociety.org/area/2280.geojson,https://use-land-property-data.service.gov.uk/datasets/inspire/download/North_East_Derbyshire_District_Council.zip
188,EW,North East Lincolnshire Council,Lincolnshire,2589,https://mapit.mysociety.org/area/2589.geojson,https://use-land-property-data.service.gov.uk/datasets/inspire/download/North_East_Lincolnshire_Council.zip
189,EW,North Hertfordshire District Council,Hertforshire,2345,https://mapit.mysociety.org/area/2345.geojson,https://use-land-property-data.service.gov.uk/datasets/inspire/download/North_Hertfordshire_District_Council.zip
190,EW,North Kesteven District Council,Lincolnshire,2383,https://mapit.mysociety.org/area/2383.geojson,https://use-land-property-data.service.gov.uk/datasets/inspire/download/North_Kesteven_District_Council.zip
191,EW,North Lincolnshire Council,Lincolnshire,2591,https://mapit.mysociety.org/area/2591.geojson,https://use-land-property-data.service.gov.uk/datasets/inspire/download/North_Lincolnshire_Council.zip
192,EW,North Norfolk District Council,Norfolk,2386,https://mapit.mysociety.org/area/2386.geojson,https://use-land-property-data.service.gov.uk/datasets/inspire/download/North_Norfolk_District_Council.zip
193,EW,North Northamptonshire Council,Northamptonshire,164185,https://mapit.mysociety.org/area/164185.geojson,https://use-land-property-data.service.gov.uk/datasets/inspire/download/North_Northamptonshire_Council.zip
194,EW,North Somerset Council,Somerset,2642,https://mapit.mysociety.org/area/2642.geojson,https://use-land-property-data.service.gov.uk/datasets/inspire/download/North_Somerset_Council.zip
195,EW,North Tyneside Council,Tyne and Wear,2530,https://mapit.mysociety.org/area/2530.geojson,https://use-land-property-data.service.gov.uk/datasets/inspire/download/North_Tyneside_Council.zip
196,EW,North Warwickshire Borough Council,Warwickshire,2458,https://mapit.mysociety.org/area/2458.geojson,https://use-land-property-data.service.gov.uk/datasets/inspire/download/North_Warwickshire_Borough_Council.zip
197,EW,North West Leicestershire District Council,Leicestershire,2373,https://mapit.mysociety.org/area/2373.geojson,https://use-land-property-data.service.gov.uk/datasets/inspire/download/North_West_Leicestershire_District_Council.zip
198,EW,Northumberland County Council,Northumberland ,2248,https://mapit.mysociety.org/area/2248.geojson,https://use-land-property-data.service.gov.uk/datasets/inspire/download/Northumberland_County_Council.zip
199,EW,Norwich City Council,Norfolk,2391,https://mapit.mysociety.org/area/2391.geojson,https://use-land-property-data.service.gov.uk/datasets/inspire/download/Norwich_City_Council.zip
200,EW,Nottingham City Council,Nottinghamshire,2565,https://mapit.mysociety.org/area/2565.geojson,https://use-land-property-data.service.gov.uk/datasets/inspire/download/Nottingham_City_Council.zip
201,EW,Nuneaton and Bedworth Borough Council,Warwickshire,2462,https://mapit.mysociety.org/area/2462.geojson,https://use-land-property-data.service.gov.uk/datasets/inspire/download/Nuneaton_and_Bedworth_Borough_Council.zip
202,EW,Oadby and Wigston Borough Council,Leicestershire,2378,https://mapit.mysociety.org/area/2378.geojson,https://use-land-property-data.service.gov.uk/datasets/inspire/download/Oadby_and_Wigston_Borough_Council.zip
203,EW,Oldham Metropolitan Borough Council,Greater Manchester,2531,https://mapit.mysociety.org/area/2531.geojson,https://use-land-property-data.service.gov.uk/datasets/inspire/download/Oldham_Metropolitan_Borough_Council.zip
204,EW,Oxford City Council,Oxfordshire,2421,https://mapit.mysociety.org/area/2421.geojson,https://use-land-property-data.service.gov.uk/datasets/inspire/download/Oxford_City_Council.zip
205,EW,Pembrokeshire County Council,Wales,2641,https://mapit.mysociety.org/area/2641.geojson,https://use-land-property-data.service.gov.uk/datasets/inspire/download/Pembrokeshire_County_Council.zip
206,EW,Pendle Borough Council,Lancashire,2368,https://mapit.mysociety.org/area/2368.geojson,https://use-land-property-data.service.gov.uk/datasets/inspire/download/Pendle_Borough_Council.zip
207,EW,Peterborough City Council,Cambridgeshire,2566,https://mapit.mysociety.org/area/2566.geojson,https://use-land-property-data.service.gov.uk/datasets/inspire/download/Peterborough_City_Council.zip
208,EW,Plymouth City Council,Devon,2658,https://mapit.mysociety.org/area/2658.geojson,https://use-land-property-data.service.gov.uk/datasets/inspire/download/Plymouth_City_Council.zip
209,EW,Portsmouth City Council,Hampshire,2657,https://mapit.mysociety.org/area/2657.geojson,https://use-land-property-data.service.gov.uk/datasets/inspire/download/Portsmouth_City_Council.zip
210,EW,Powys County Council,Wales,2595,https://mapit.mysociety.org/area/2595.geojson,https://use-land-property-data.service.gov.uk/datasets/inspire/download/Powys_County_Council.zip
211,EW,Preston City Council,Lancashire,2366,https://mapit.mysociety.org/area/2366.geojson,https://use-land-property-data.service.gov.uk/datasets/inspire/download/Preston_City_Council.zip
212,EW,Reading Borough Council,Berkshire,2596,https://mapit.mysociety.org/area/2596.geojson,https://use-land-property-data.service.gov.uk/datasets/inspire/download/Reading_Borough_Council.zip
213,EW,Redcar and Cleveland Borough Council,North Yorkshire,2597,https://mapit.mysociety.org/area/2597.geojson,https://use-land-property-data.service.gov.uk/datasets/inspire/download/Redcar_and_Cleveland_Borough_Council.zip
214,EW,Redditch Borough Council,Worcestershire,2479,https://mapit.mysociety.org/area/2479.geojson,https://use-land-property-data.service.gov.uk/datasets/inspire/download/Redditch_Borough_Council.zip
215,EW,Reigate and Banstead Borough Council,Surrey,2453,https://mapit.mysociety.org/area/2453.geojson,https://use-land-property-data.service.gov.uk/datasets/inspire/download/Reigate_and_Banstead_Borough_Council.zip
216,EW,Rhondda Cynon Taf County Borough Council,Wales,2599,https://mapit.mysociety.org/area/2599.geojson,https://use-land-property-data.service.gov.uk/datasets/inspire/download/Rhondda_Cynon_Taf_County_Borough_Council.zip
217,EW,Ribble Valley Borough Council,Lancashire,2369,https://mapit.mysociety.org/area/2369.geojson,https://use-land-property-data.service.gov.uk/datasets/inspire/download/Ribble_Valley_Borough_Council.zip
218,EW,Rochdale Metropolitan Borough Council,Greater Manchester,2532,https://mapit.mysociety.org/area/2532.geojson,https://use-land-property-data.service.gov.uk/datasets/inspire/download/Rochdale_Metropolitan_Borough_Council.zip
219,EW,Rochford District Council,Essex,2310,https://mapit.mysociety.org/area/2310.geojson,https://use-land-property-data.service.gov.uk/datasets/inspire/download/Rochford_District_Council.zip
220,EW,Rossendale Borough Council,Lancashire,2364,https://mapit.mysociety.org/area/2364.geojson,https://use-land-property-data.service.gov.uk/datasets/inspire/download/Rossendale_Borough_Council.zip
221,EW,Rother District Council,East Sussex,2305,https://mapit.mysociety.org/area/2305.geojson,https://use-land-property-data.service.gov.uk/datasets/inspire/download/Rother_District_Council.zip
222,EW,Rotherham Metropolitan Borough Council,South Yorkshire,2533,https://mapit.mysociety.org/area/2533.geojson,https://use-land-property-data.service.gov.uk/datasets/inspire/download/Rotherham_Metropolitan_Borough_Council.zip
223,EW,Royal Borough of Greenwich,London,2493,https://mapit.mysociety.org/area/2493.geojson,https://use-land-property-data.service.gov.uk/datasets/inspire/download/Royal_Borough_of_Greenwich.zip
224,EW,Royal Borough of Kensington and Chelsea,London,2503,https://mapit.mysociety.org/area/2503.geojson,https://use-land-property-data.service.gov.uk/datasets/inspire/download/Royal_Borough_of_Kensington_and_Chelsea.zip
225,EW,Royal Borough of Kingston upon Thames,London,2480,https://mapit.mysociety.org/area/2480.geojson,https://use-land-property-data.service.gov.uk/datasets/inspire/download/Royal_Borough_of_Kingston_upon_Thames.zip
226,EW,Royal Borough of Windsor and Maidenhead,Berkshire,2622,https://mapit.mysociety.org/area/2622.geojson,https://use-land-property-data.service.gov.uk/datasets/inspire/download/Royal_Borough_of_Windsor_and_Maidenhead.zip
227,EW,Rugby Borough Council,Warwickshire,2459,https://mapit.mysociety.org/area/2459.geojson,https://use-land-property-data.service.gov.uk/datasets/inspire/download/Rugby_Borough_Council.zip
228,EW,Runnymede Borough Council,Surrey,2451,https://mapit.mysociety.org/area/2451.geojson,https://use-land-property-data.service.gov.uk/datasets/inspire/download/Runnymede_Borough_Council.zip
229,EW,Rushcliffe Borough Council,Nottinghamshire,2411,https://mapit.mysociety.org/area/2411.geojson,https://use-land-property-data.service.gov.uk/datasets/inspire/download/Rushcliffe_Borough_Council.zip
230,EW,Rushmoor Borough Council,Hampshire,2337,https://mapit.mysociety.org/area/2337.geojson,https://use-land-property-data.service.gov.uk/datasets/inspire/download/Rushmoor_Borough_Council.zip
231,EW,Rutland County Council District Council,Rutland,2600,https://mapit.mysociety.org/area/2600.geojson,https://use-land-property-data.service.gov.uk/datasets/inspire/download/Rutland_County_Council_District_Council.zip
232,EW,Salford City Council,Greater Manchester,2534,https://mapit.mysociety.org/area/2534.geojson,https://use-land-property-data.service.gov.uk/datasets/inspire/download/Salford_City_Council.zip
233,EW,Sandwell Metropolitan Borough Council,West Midlands,2535,https://mapit.mysociety.org/area/2535.geojson,https://use-land-property-data.service.gov.uk/datasets/inspire/download/Sandwell_Metropolitan_Borough_Council.zip
234,EW,Sefton Metropolitan Borough Council,Merseyside,2536,https://mapit.mysociety.org/area/2536.geojson,https://use-land-property-data.service.gov.uk/datasets/inspire/download/Sefton_Metropolitan_Borough_Council.zip
235,EW,Sevenoaks District Council,Kent,2350,https://mapit.mysociety.org/area/2350.geojson,https://use-land-property-data.service.gov.uk/datasets/inspire/download/Sevenoaks_District_Council.zip
236,EW,Sheffield City Council,South Yorkshire,2537,https://mapit.mysociety.org/area/2537.geojson,https://use-land-property-data.service.gov.uk/datasets/inspire/download/Sheffield_City_Council.zip
237,EW,Shropshire Council,Shropshire,2238,https://mapit.mysociety.org/area/2238.geojson,https://use-land-property-data.service.gov.uk/datasets/inspire/download/Shropshire_Council.zip
238,EW,Slough Borough Council,Berkshire,2606,https://mapit.mysociety.org/area/2606.geojson,https://use-land-property-data.service.gov.uk/datasets/inspire/download/Slough_Borough_Council.zip
239,EW,Solihull Metropolitan Borough Council,West Midlands,2538,https://mapit.mysociety.org/area/2538.geojson,https://use-land-property-data.service.gov.uk/datasets/inspire/download/Solihull_Metropolitan_Borough_Council.zip
240,EW,Somerset Council,Somerset,166596,https://mapit.mysociety.org/area/166596.geojson,https://use-land-property-data.service.gov.uk/datasets/inspire/download/Somerset_Council.zip
241,EW,South Cambridgeshire District Council,Cambridgeshire,2260,https://mapit.mysociety.org/area/2260.geojson,https://use-land-property-data.service.gov.uk/datasets/inspire/download/South_Cambridgeshire_District_Council.zip
242,EW,South Derbyshire District Council,Derbyshire,2278,https://mapit.mysociety.org/area/2278.geojson,https://use-land-property-data.service.gov.uk/datasets/inspire/download/South_Derbyshire_District_Council.zip
243,EW,South Gloucestershire Council,Gloucestershire,2608,https://mapit.mysociety.org/area/2608.geojson,https://use-land-property-data.service.gov.uk/datasets/inspire/download/South_Gloucestershire_Council.zip
244,EW,South Hams District Council,Devon,2629,https://mapit.mysociety.org/area/2629.geojson,https://use-land-property-data.service.gov.uk/datasets/inspire/download/South_Hams_District_Council.zip
245,EW,South Holland District Council,Lincolnshire,2381,https://mapit.mysociety.org/area/2381.geojson,https://use-land-property-data.service.gov.uk/datasets/inspire/download/South_Holland_District_Council.zip
246,EW,South Kesteven District Council,Lincolnshire,2380,https://mapit.mysociety.org/area/2380.geojson,https://use-land-property-data.service.gov.uk/datasets/inspire/download/South_Kesteven_District_Council.zip
247,EW,South Norfolk Council,Norfolk,2388,https://mapit.mysociety.org/area/2388.geojson,https://use-land-property-data.service.gov.uk/datasets/inspire/download/South_Norfolk_Council.zip
248,EW,South Oxfordshire District Council,Oxfordshire,2418,https://mapit.mysociety.org/area/2418.geojson,https://use-land-property-data.service.gov.uk/datasets/inspire/download/South_Oxfordshire_District_Council.zip
249,EW,South Ribble Borough Council,Lancashire,2363,https://mapit.mysociety.org/area/2363.geojson,https://use-land-property-data.service.gov.uk/datasets/inspire/download/South_Ribble_Borough_Council.zip
250,EW,South Staffordshire Council,Staffordshire,2433,https://mapit.mysociety.org/area/2433.geojson,https://use-land-property-data.service.gov.uk/datasets/inspire/download/South_Staffordshire_Council.zip
251,EW,South Tyneside Council,Tyne and Wear,2539,https://mapit.mysociety.org/area/2539.geojson,https://use-land-property-data.service.gov.uk/datasets/inspire/download/South_Tyneside_Council.zip
252,EW,Southampton City Council,Hampshire,2567,https://mapit.mysociety.org/area/2567.geojson,https://use-land-property-data.service.gov.uk/datasets/inspire/download/Southampton_City_Council.zip
253,EW,Southend-on-Sea Borough Council,Essex,2607,https://mapit.mysociety.org/area/2607.geojson,https://use-land-property-data.service.gov.uk/datasets/inspire/download/Southend-on-Sea_Borough_Council.zip
254,EW,Spelthorne Borough Council,Surrey,2456,https://mapit.mysociety.org/area/2456.geojson,https://use-land-property-data.service.gov.uk/datasets/inspire/download/Spelthorne_Borough_Council.zip
255,EW,St Albans City and District Council,Hertfordshire,2343,https://mapit.mysociety.org/area/2343.geojson,https://use-land-property-data.service.gov.uk/datasets/inspire/download/St_Albans_City_and_District_Council.zip
256,EW,St Helens Council,Merseyside,2541,https://mapit.mysociety.org/area/2541.geojson,https://use-land-property-data.service.gov.uk/datasets/inspire/download/St_Helens_Council.zip
257,EW,Stafford Borough Council,Staffordshire,2436,https://mapit.mysociety.org/area/2436.geojson,https://use-land-property-data.service.gov.uk/datasets/inspire/download/Stafford_Borough_Council.zip
258,EW,Staffordshire Moorlands District Council,Staffordshire,2432,https://mapit.mysociety.org/area/2432.geojson,https://use-land-property-data.service.gov.uk/datasets/inspire/download/Staffordshire_Moorlands_District_Council.zip
259,EW,Stevenage Borough Council,Hertfordshire,2347,https://mapit.mysociety.org/area/2347.geojson,https://use-land-property-data.service.gov.uk/datasets/inspire/download/Stevenage_Borough_Council.zip
260,EW,Stockport Metropolitan Borough Council,Greater Manchester,2540,https://mapit.mysociety.org/area/2540.geojson,https://use-land-property-data.service.gov.uk/datasets/inspire/download/Stockport_Metropolitan_Borough_Council.zip
261,EW,Stockton-on-Tees Borough Council,County Durham,2611,https://mapit.mysociety.org/area/2611.geojson,https://use-land-property-data.service.gov.uk/datasets/inspire/download/Stockton-on-Tees_Borough_Council.zip
262,EW,Stoke-on-Trent City Council,Staffordshire,2568,https://mapit.mysociety.org/area/2568.geojson,https://use-land-property-data.service.gov.uk/datasets/inspire/download/Stoke-on-Trent_City_Council.zip
263,EW,Stratford-on-Avon District Council,Warwickshire,2461,https://mapit.mysociety.org/area/2461.geojson,https://use-land-property-data.service.gov.uk/datasets/inspire/download/Stratford-on-Avon_District_Council.zip
264,EW,Stroud District Council,Gloucestershire,2323,https://mapit.mysociety.org/area/2323.geojson,https://use-land-property-data.service.gov.uk/datasets/inspire/download/Stroud_District_Council.zip
265,EW,Sunderland City Council,Tyne and Wear,2542,https://mapit.mysociety.org/area/2542.geojson,https://use-land-property-data.service.gov.uk/datasets/inspire/download/Sunderland_City_Council.zip
266,EW,Surrey Heath Borough Council,Surrey,2450,https://mapit.mysociety.org/area/2450.geojson,https://use-land-property-data.service.gov.uk/datasets/inspire/download/Surrey_Heath_Borough_Council.zip
267,EW,Swale Borough Council,Kent,2357,https://mapit.mysociety.org/area/2357.geojson,https://use-land-property-data.service.gov.uk/datasets/inspire/download/Swale_Borough_Council.zip
268,EW,Swansea Council,Wales,2549,https://mapit.mysociety.org/area/2549.geojson,https://use-land-property-data.service.gov.uk/datasets/inspire/download/Swansea_Council.zip
269,EW,Swindon Borough Council,Wiltshire,2612,https://mapit.mysociety.org/area/2612.geojson,https://use-land-property-data.service.gov.uk/datasets/inspire/download/Swindon_Borough_Council.zip
270,EW,Tameside Metropolitan Borough Council,Greater Manchester,2543,https://mapit.mysociety.org/area/2543.geojson,https://use-land-property-data.service.gov.uk/datasets/inspire/download/Tameside_Metropolitan_Borough_Council.zip
271,EW,Tamworth Borough Council,Staffordshire,2439,https://mapit.mysociety.org/area/2439.geojson,https://use-land-property-data.service.gov.uk/datasets/inspire/download/Tamworth_Borough_Council.zip
272,EW,Tandridge District Council,Surrey,2448,https://mapit.mysociety.org/area/2448.geojson,https://use-land-property-data.service.gov.uk/datasets/inspire/download/Tandridge_District_Council.zip
273,EW,Teignbridge District Council,Devon,2287,https://mapit.mysociety.org/area/2287.geojson,https://use-land-property-data.service.gov.uk/datasets/inspire/download/Teignbridge_District_Council.zip
274,EW,Telford and Wrekin Council,Shropshire,2613,https://mapit.mysociety.org/area/2613.geojson,https://use-land-property-data.service.gov.uk/datasets/inspire/download/Telford_and_Wrekin_Council.zip
275,EW,Tendring District Council,Essex,2312,https://mapit.mysociety.org/area/2312.geojson,https://use-land-property-data.service.gov.uk/datasets/inspire/download/Tendring_District_Council.zip
276,EW,Test Valley Borough Council,Hampshire,2332,https://mapit.mysociety.org/area/2332.geojson,https://use-land-property-data.service.gov.uk/datasets/inspire/download/Test_Valley_Borough_Council.zip
277,EW,Tewkesbury Borough Council,Gloucestershire,2324,https://mapit.mysociety.org/area/2324.geojson,https://use-land-property-data.service.gov.uk/datasets/inspire/download/Tewkesbury_Borough_Council.zip
278,EW,Thanet District Council,Kent,2352,https://mapit.mysociety.org/area/2352.geojson,https://use-land-property-data.service.gov.uk/datasets/inspire/download/Thanet_District_Council.zip
279,EW,The North Yorkshire Council,North Yorkshire,166595,https://mapit.mysociety.org/area/166595.geojson,https://use-land-property-data.service.gov.uk/datasets/inspire/download/The_North_Yorkshire_Council.zip
280,EW,Three Rivers District Council,Herfordshire,2338,https://mapit.mysociety.org/area/2338.geojson,https://use-land-property-data.service.gov.uk/datasets/inspire/download/Three_Rivers_District_Council.zip
281,EW,Thurrock Council,Essex,2615,https://mapit.mysociety.org/area/2615.geojson,https://use-land-property-data.service.gov.uk/datasets/inspire/download/Thurrock_Council.zip
282,EW,Tonbridge and Malling Borough Council,Kent,2351,https://mapit.mysociety.org/area/2351.geojson,https://use-land-property-data.service.gov.uk/datasets/inspire/download/Tonbridge_and_Malling_Borough_Council.zip
283,EW,Torbay Council,Devon,2617,https://mapit.mysociety.org/area/2617.geojson,https://use-land-property-data.service.gov.uk/datasets/inspire/download/Torbay_Council.zip
284,EW,Torfaen County Borough Council,Wales,2616,https://mapit.mysociety.org/area/2616.geojson,https://use-land-property-data.service.gov.uk/datasets/inspire/download/Torfaen_County_Borough_Council.zip
285,EW,Torridge District Council,Devon,2630,https://mapit.mysociety.org/area/2630.geojson,https://use-land-property-data.service.gov.uk/datasets/inspire/download/Torridge_District_Council.zip
286,EW,Trafford Borough Council,Greater Manchester,2544,https://mapit.mysociety.org/area/2544.geojson,https://use-land-property-data.service.gov.uk/datasets/inspire/download/Trafford_Borough_Council.zip
287,EW,Tunbridge Wells Borough Council,Kent,2348,https://mapit.mysociety.org/area/2348.geojson,https://use-land-property-data.service.gov.uk/datasets/inspire/download/Tunbridge_Wells_Borough_Council.zip
288,EW,Uttlesford District Council,Essex,2313,https://mapit.mysociety.org/area/2313.geojson,https://use-land-property-data.service.gov.uk/datasets/inspire/download/Uttlesford_District_Council.zip
289,EW,Vale of Glamorgan Council,Wales,2557,https://mapit.mysociety.org/area/2557.geojson,https://use-land-property-data.service.gov.uk/datasets/inspire/download/Vale_of_Glamorgan_Council.zip
290,EW,Vale of White Horse District Council,Oxfordshire,2417,https://mapit.mysociety.org/area/2417.geojson,https://use-land-property-data.service.gov.uk/datasets/inspire/download/Vale_of_White_Horse_District_Council.zip
291,EW,Wakefield Metropolitan District Council,West Yorkshire,2545,https://mapit.mysociety.org/area/2545.geojson,https://use-land-property-data.service.gov.uk/datasets/inspire/download/Wakefield_Metropolitan_District_Council.zip
292,EW,Walsall Metropolitan Borough Council,West Midlands,2546,https://mapit.mysociety.org/area/2546.geojson,https://use-land-property-data.service.gov.uk/datasets/inspire/download/Walsall_Metropolitan_Borough_Council.zip
293,EW,Warrington Borough Council,Cheshire,2618,https://mapit.mysociety.org/area/2618.geojson,https://use-land-property-data.service.gov.uk/datasets/inspire/download/Warrington_Borough_Council.zip
294,EW,Warwick District Council,Warwickshire,2460,https://mapit.mysociety.org/area/2460.geojson,https://use-land-property-data.service.gov.uk/datasets/inspire/download/Warwick_District_Council.zip
295,EW,Watford Borough Council,Hertfordshire,2346,https://mapit.mysociety.org/area/2346.geojson,https://use-land-property-data.service.gov.uk/datasets/inspire/download/Watford_Borough_Council.zip
296,EW,Waverley Borough Council,Surrey,2447,https://mapit.mysociety.org/area/2447.geojson,https://use-land-property-data.service.gov.uk/datasets/inspire/download/Waverley_Borough_Council.zip
297,EW,Wealden District Council,East Sussex,2306,https://mapit.mysociety.org/area/2306.geojson,https://use-land-property-data.service.gov.uk/datasets/inspire/download/Wealden_District_Council.zip
298,EW,Welwyn Hatfield Borough Council,Hertfordshire,2344,https://mapit.mysociety.org/area/2344.geojson,https://use-land-property-data.service.gov.uk/datasets/inspire/download/Welwyn_Hatfield_Borough_Council.zip
299,EW,West Berkshire Council,Berkshire,2619,https://mapit.mysociety.org/area/2619.geojson,https://use-land-property-data.service.gov.uk/datasets/inspire/download/West_Berkshire_Council.zip
300,EW,West Devon Borough Council,Devon,2288,https://mapit.mysociety.org/area/2288.geojson,https://use-land-property-data.service.gov.uk/datasets/inspire/download/West_Devon_Borough_Council.zip
301,EW,West Lancashire Borough Council,Lancashire,2360,https://mapit.mysociety.org/area/2360.geojson,https://use-land-property-data.service.gov.uk/datasets/inspire/download/West_Lancashire_Borough_Council.zip
302,EW,West Lindsey District Council,Lincolnshire,2379,https://mapit.mysociety.org/area/2379.geojson,https://use-land-property-data.service.gov.uk/datasets/inspire/download/West_Lindsey_District_Council.zip
303,EW,West Northamptonshire Council,Northamptonshire,164186,https://mapit.mysociety.org/area/164186.geojson,https://use-land-property-data.service.gov.uk/datasets/inspire/download/West_Northamptonshire_Council.zip
304,EW,West Oxfordshire District Council,Oxfordshire,2420,https://mapit.mysociety.org/area/2420.geojson,https://use-land-property-data.service.gov.uk/datasets/inspire/download/West_Oxfordshire_District_Council.zip
305,EW,West Suffolk Council,Suffolk,152125,https://mapit.mysociety.org/area/152125.geojson,https://use-land-property-data.service.gov.uk/datasets/inspire/download/West_Suffolk_Council.zip
306,EW,Westmorland and Furness Council,Cumbria,166594,https://mapit.mysociety.org/area/166594.geojson,https://use-land-property-data.service.gov.uk/datasets/inspire/download/Westmorland_and_Furness_Council.zip
307,EW,Wigan Metropolitan Borough Council,Greater Manchester,2547,https://mapit.mysociety.org/area/2547.geojson,https://use-land-property-data.service.gov.uk/datasets/inspire/download/Wigan_Metropolitan_Borough_Council.zip
308,EW,Wiltshire Council,Wiltshire,2245,https://mapit.mysociety.org/area/2245.geojson,https://use-land-property-data.service.gov.uk/datasets/inspire/download/Wiltshire_Council.zip
309,EW,Winchester City Council,Hampshire,2331,https://mapit.mysociety.org/area/2331.geojson,https://use-land-property-data.service.gov.uk/datasets/inspire/download/Winchester_City_Council.zip
310,EW,Wirral Borough Council,Merseyside,2548,https://mapit.mysociety.org/area/2548.geojson,https://use-land-property-data.service.gov.uk/datasets/inspire/download/Wirral_Borough_Council.zip
311,EW,Woking Borough Council,Surrey,2449,https://mapit.mysociety.org/area/2449.geojson,https://use-land-property-data.service.gov.uk/datasets/inspire/download/Woking_Borough_Council.zip
312,EW,Wokingham Borough Council,Berkshire,2623,https://mapit.mysociety.org/area/2623.geojson,https://use-land-property-data.service.gov.uk/datasets/inspire/download/Wokingham_Borough_Council.zip
313,EW,Worcester City Council,Worcestershire,2478,https://mapit.mysociety.org/area/2478.geojson,https://use-land-property-data.service.gov.uk/datasets/inspire/download/Worcester_City_Council.zip
314,EW,Worthing Borough Council,West Sussex,2468,https://mapit.mysociety.org/area/2468.geojson,https://use-land-property-data.service.gov.uk/datasets/inspire/download/Worthing_Borough_Council.zip
315,EW,Wrexham County Borough Council,Wales,2624,https://mapit.mysociety.org/area/2624.geojson,https://use-land-property-data.service.gov.uk/datasets/inspire/download/Wrexham_County_Borough_Council.zip
316,EW,Wychavon District Council,Worcestershire,2476,https://mapit.mysociety.org/area/2476.geojson,https://use-land-property-data.service.gov.uk/datasets/inspire/download/Wychavon_District_Council.zip
317,EW,Wyre Borough Council,Lancashire,2367,https://mapit.mysociety.org/area/2367.geojson,https://use-land-property-data.service.gov.uk/datasets/inspire/download/Wyre_Borough_Council.zip
318,EW,Wyre Forest District Council,Worcestershire,2475,https://mapit.mysociety.org/area/2475.geojson,https://use-land-property-data.service.gov.uk/datasets/inspire/download/Wyre_Forest_District_Council.zip